Method,Job,AnalyzeLaunchVariance,EvaluateOverhead,MaxAbsoluteError,MaxRelativeError,MinInvokeCount,MinIterationTime,OutlierMode,Affinity,EnvironmentVariables,Jit,Platform,PowerPlanMode,Runtime,AllowVeryLargeObjects,Concurrent,CpuGroups,Force,HeapAffinitizeMask,HeapCount,NoAffinitize,RetainVm,Server,Arguments,BuildConfiguration,Clock,EngineFactory,NuGetReferences,Toolchain,IsMutator,InvocationCount,IterationCount,IterationTime,LaunchCount,MaxIterationCount,MaxWarmupIterationCount,MinIterationCount,MinWarmupIterationCount,RunStrategy,UnrollFactor,WarmupCount,Mean,Error,StdDev,Median
RegularZeroArgCall,DefaultJob,False,Default,Default,Default,Default,Default,Default,00000000,Empty,RyuJit,X64,8c5e7fda-e8bf-4a96-9a85-a6e23a8c635c,.NET Core 3.1,False,True,False,True,Default,Default,False,False,False,Default,Default,Default,Default,Default,Default,Default,1,Default,Default,Default,Default,Default,Default,Default,Default,16,Default,0.0020 ns,0.0058 ns,0.0048 ns,0.0000 ns
RegularOneArgCall,DefaultJob,False,Default,Default,Default,Default,Default,Default,00000000,Empty,RyuJit,X64,8c5e7fda-e8bf-4a96-9a85-a6e23a8c635c,.NET Core 3.1,False,True,False,True,Default,Default,False,False,False,Default,Default,Default,Default,Default,Default,Default,1,Default,Default,Default,Default,Default,Default,Default,Default,16,Default,0.0026 ns,0.0068 ns,0.0061 ns,0.0000 ns
RegularTwoArgCall,DefaultJob,False,Default,Default,Default,Default,Default,Default,00000000,Empty,RyuJit,X64,8c5e7fda-e8bf-4a96-9a85-a6e23a8c635c,.NET Core 3.1,False,True,False,True,Default,Default,False,False,False,Default,Default,Default,Default,Default,Default,Default,1,Default,Default,Default,Default,Default,Default,Default,Default,16,Default,0.0189 ns,0.0102 ns,0.0090 ns,0.0184 ns
RegularThreeArgCall,DefaultJob,False,Default,Default,Default,Default,Default,Default,00000000,Empty,RyuJit,X64,8c5e7fda-e8bf-4a96-9a85-a6e23a8c635c,.NET Core 3.1,False,True,False,True,Default,Default,False,False,False,Default,Default,Default,Default,Default,Default,Default,1,Default,Default,Default,Default,Default,Default,Default,Default,16,Default,0.0159 ns,0.0042 ns,0.0037 ns,0.0166 ns
RegularFourArgCall,DefaultJob,False,Default,Default,Default,Default,Default,Default,00000000,Empty,RyuJit,X64,8c5e7fda-e8bf-4a96-9a85-a6e23a8c635c,.NET Core 3.1,False,True,False,True,Default,Default,False,False,False,Default,Default,Default,Default,Default,Default,Default,1,Default,Default,Default,Default,Default,Default,Default,Default,16,Default,0.0019 ns,0.0033 ns,0.0028 ns,0.0000 ns
RegularFiveArgCall,DefaultJob,False,Default,Default,Default,Default,Default,Default,00000000,Empty,RyuJit,X64,8c5e7fda-e8bf-4a96-9a85-a6e23a8c635c,.NET Core 3.1,False,True,False,True,Default,Default,False,False,False,Default,Default,Default,Default,Default,Default,Default,1,Default,Default,Default,Default,Default,Default,Default,Default,16,Default,0.0012 ns,0.0031 ns,0.0026 ns,0.0000 ns
RegularSixArgCall,DefaultJob,False,Default,Default,Default,Default,Default,Default,00000000,Empty,RyuJit,X64,8c5e7fda-e8bf-4a96-9a85-a6e23a8c635c,.NET Core 3.1,False,True,False,True,Default,Default,False,False,False,Default,Default,Default,Default,Default,Default,Default,1,Default,Default,Default,Default,Default,Default,Default,Default,16,Default,0.2742 ns,0.0105 ns,0.0088 ns,0.2752 ns
ReflectionBasedZeroArgAction,DefaultJob,False,Default,Default,Default,Default,Default,Default,00000000,Empty,RyuJit,X64,8c5e7fda-e8bf-4a96-9a85-a6e23a8c635c,.NET Core 3.1,False,True,False,True,Default,Default,False,False,False,Default,Default,Default,Default,Default,Default,Default,1,Default,Default,Default,Default,Default,Default,Default,Default,16,Default,112.7083 ns,0.7415 ns,0.5789 ns,112.7340 ns
ReflectionBasedOneArgAction,DefaultJob,False,Default,Default,Default,Default,Default,Default,00000000,Empty,RyuJit,X64,8c5e7fda-e8bf-4a96-9a85-a6e23a8c635c,.NET Core 3.1,False,True,False,True,Default,Default,False,False,False,Default,Default,Default,Default,Default,Default,Default,1,Default,Default,Default,Default,Default,Default,Default,Default,16,Default,192.6494 ns,1.8164 ns,1.6990 ns,192.1628 ns
ReflectionBasedTwoArgAction,DefaultJob,False,Default,Default,Default,Default,Default,Default,00000000,Empty,RyuJit,X64,8c5e7fda-e8bf-4a96-9a85-a6e23a8c635c,.NET Core 3.1,False,True,False,True,Default,Default,False,False,False,Default,Default,Default,Default,Default,Default,Default,1,Default,Default,Default,Default,Default,Default,Default,Default,16,Default,258.7588 ns,3.2811 ns,3.0692 ns,257.9058 ns
ReflectionBasedThreeArgAction,DefaultJob,False,Default,Default,Default,Default,Default,Default,00000000,Empty,RyuJit,X64,8c5e7fda-e8bf-4a96-9a85-a6e23a8c635c,.NET Core 3.1,False,True,False,True,Default,Default,False,False,False,Default,Default,Default,Default,Default,Default,Default,1,Default,Default,Default,Default,Default,Default,Default,Default,16,Default,322.0511 ns,3.9985 ns,3.5445 ns,322.5660 ns
ReflectionBasedFourArgAction,DefaultJob,False,Default,Default,Default,Default,Default,Default,00000000,Empty,RyuJit,X64,8c5e7fda-e8bf-4a96-9a85-a6e23a8c635c,.NET Core 3.1,False,True,False,True,Default,Default,False,False,False,Default,Default,Default,Default,Default,Default,Default,1,Default,Default,Default,Default,Default,Default,Default,Default,16,Default,400.9057 ns,3.4695 ns,3.2454 ns,400.1694 ns
ReflectionBasedFiveArgAction,DefaultJob,False,Default,Default,Default,Default,Default,Default,00000000,Empty,RyuJit,X64,8c5e7fda-e8bf-4a96-9a85-a6e23a8c635c,.NET Core 3.1,False,True,False,True,Default,Default,False,False,False,Default,Default,Default,Default,Default,Default,Default,1,Default,Default,Default,Default,Default,Default,Default,Default,16,Default,458.1926 ns,3.4574 ns,3.0649 ns,457.5324 ns
ReflectionBasedSixArgAction,DefaultJob,False,Default,Default,Default,Default,Default,Default,00000000,Empty,RyuJit,X64,8c5e7fda-e8bf-4a96-9a85-a6e23a8c635c,.NET Core 3.1,False,True,False,True,Default,Default,False,False,False,Default,Default,Default,Default,Default,Default,Default,1,Default,Default,Default,Default,Default,Default,Default,Default,16,Default,549.6316 ns,4.5302 ns,3.7829 ns,549.4001 ns
GenericBasedZeroArgAction,DefaultJob,False,Default,Default,Default,Default,Default,Default,00000000,Empty,RyuJit,X64,8c5e7fda-e8bf-4a96-9a85-a6e23a8c635c,.NET Core 3.1,False,True,False,True,Default,Default,False,False,False,Default,Default,Default,Default,Default,Default,Default,1,Default,Default,Default,Default,Default,Default,Default,Default,16,Default,1.6626 ns,0.0132 ns,0.0110 ns,1.6637 ns
GenericBasedOneArgAction,DefaultJob,False,Default,Default,Default,Default,Default,Default,00000000,Empty,RyuJit,X64,8c5e7fda-e8bf-4a96-9a85-a6e23a8c635c,.NET Core 3.1,False,True,False,True,Default,Default,False,False,False,Default,Default,Default,Default,Default,Default,Default,1,Default,Default,Default,Default,Default,Default,Default,Default,16,Default,9.7318 ns,0.1797 ns,0.1593 ns,9.6726 ns
GenericBasedTwoArgAction,DefaultJob,False,Default,Default,Default,Default,Default,Default,00000000,Empty,RyuJit,X64,8c5e7fda-e8bf-4a96-9a85-a6e23a8c635c,.NET Core 3.1,False,True,False,True,Default,Default,False,False,False,Default,Default,Default,Default,Default,Default,Default,1,Default,Default,Default,Default,Default,Default,Default,Default,16,Default,17.6455 ns,0.1385 ns,0.1228 ns,17.6031 ns
GenericBasedThreeArgAction,DefaultJob,False,Default,Default,Default,Default,Default,Default,00000000,Empty,RyuJit,X64,8c5e7fda-e8bf-4a96-9a85-a6e23a8c635c,.NET Core 3.1,False,True,False,True,Default,Default,False,False,False,Default,Default,Default,Default,Default,Default,Default,1,Default,Default,Default,Default,Default,Default,Default,Default,16,Default,23.1999 ns,0.3934 ns,0.3680 ns,23.0874 ns
GenericBasedFourArgAction,DefaultJob,False,Default,Default,Default,Default,Default,Default,00000000,Empty,RyuJit,X64,8c5e7fda-e8bf-4a96-9a85-a6e23a8c635c,.NET Core 3.1,False,True,False,True,Default,Default,False,False,False,Default,Default,Default,Default,Default,Default,Default,1,Default,Default,Default,Default,Default,Default,Default,Default,16,Default,32.1915 ns,0.2011 ns,0.1783 ns,32.2297 ns
GenericBasedFiveArgAction,DefaultJob,False,Default,Default,Default,Default,Default,Default,00000000,Empty,RyuJit,X64,8c5e7fda-e8bf-4a96-9a85-a6e23a8c635c,.NET Core 3.1,False,True,False,True,Default,Default,False,False,False,Default,Default,Default,Default,Default,Default,Default,1,Default,Default,Default,Default,Default,Default,Default,Default,16,Default,39.1221 ns,0.5112 ns,0.4269 ns,38.9700 ns
GenericBasedSixArgAction,DefaultJob,False,Default,Default,Default,Default,Default,Default,00000000,Empty,RyuJit,X64,8c5e7fda-e8bf-4a96-9a85-a6e23a8c635c,.NET Core 3.1,False,True,False,True,Default,Default,False,False,False,Default,Default,Default,Default,Default,Default,Default,1,Default,Default,Default,Default,Default,Default,Default,Default,16,Default,657.2011 ns,5.5504 ns,4.9202 ns,655.3558 ns
StrictZeroArgAction,DefaultJob,False,Default,Default,Default,Default,Default,Default,00000000,Empty,RyuJit,X64,8c5e7fda-e8bf-4a96-9a85-a6e23a8c635c,.NET Core 3.1,False,True,False,True,Default,Default,False,False,False,Default,Default,Default,Default,Default,Default,Default,1,Default,Default,Default,Default,Default,Default,Default,Default,16,Default,0.8455 ns,0.0071 ns,0.0063 ns,0.8450 ns
StrictOneArgAction,DefaultJob,False,Default,Default,Default,Default,Default,Default,00000000,Empty,RyuJit,X64,8c5e7fda-e8bf-4a96-9a85-a6e23a8c635c,.NET Core 3.1,False,True,False,True,Default,Default,False,False,False,Default,Default,Default,Default,Default,Default,Default,1,Default,Default,Default,Default,Default,Default,Default,Default,16,Default,3.6826 ns,0.0478 ns,0.0447 ns,3.6674 ns
StrictTwoArgAction,DefaultJob,False,Default,Default,Default,Default,Default,Default,00000000,Empty,RyuJit,X64,8c5e7fda-e8bf-4a96-9a85-a6e23a8c635c,.NET Core 3.1,False,True,False,True,Default,Default,False,False,False,Default,Default,Default,Default,Default,Default,Default,1,Default,Default,Default,Default,Default,Default,Default,Default,16,Default,5.5219 ns,0.0446 ns,0.0395 ns,5.5149 ns
StrictThreeArgAction,DefaultJob,False,Default,Default,Default,Default,Default,Default,00000000,Empty,RyuJit,X64,8c5e7fda-e8bf-4a96-9a85-a6e23a8c635c,.NET Core 3.1,False,True,False,True,Default,Default,False,False,False,Default,Default,Default,Default,Default,Default,Default,1,Default,Default,Default,Default,Default,Default,Default,Default,16,Default,7.3941 ns,0.0434 ns,0.0363 ns,7.3792 ns
StrictFourArgAction,DefaultJob,False,Default,Default,Default,Default,Default,Default,00000000,Empty,RyuJit,X64,8c5e7fda-e8bf-4a96-9a85-a6e23a8c635c,.NET Core 3.1,False,True,False,True,Default,Default,False,False,False,Default,Default,Default,Default,Default,Default,Default,1,Default,Default,Default,Default,Default,Default,Default,Default,16,Default,8.4877 ns,0.0455 ns,0.0403 ns,8.4674 ns
StrictFiveArgAction,DefaultJob,False,Default,Default,Default,Default,Default,Default,00000000,Empty,RyuJit,X64,8c5e7fda-e8bf-4a96-9a85-a6e23a8c635c,.NET Core 3.1,False,True,False,True,Default,Default,False,False,False,Default,Default,Default,Default,Default,Default,Default,1,Default,Default,Default,Default,Default,Default,Default,Default,16,Default,10.0094 ns,0.1404 ns,0.1313 ns,9.9487 ns
StrictSixArgAction,DefaultJob,False,Default,Default,Default,Default,Default,Default,00000000,Empty,RyuJit,X64,8c5e7fda-e8bf-4a96-9a85-a6e23a8c635c,.NET Core 3.1,False,True,False,True,Default,Default,False,False,False,Default,Default,Default,Default,Default,Default,Default,1,Default,Default,Default,Default,Default,Default,Default,Default,16,Default,706.1372 ns,13.6295 ns,12.7490 ns,702.4068 ns
ExpressionBasedZeroArgAction,DefaultJob,False,Default,Default,Default,Default,Default,Default,00000000,Empty,RyuJit,X64,8c5e7fda-e8bf-4a96-9a85-a6e23a8c635c,.NET Core 3.1,False,True,False,True,Default,Default,False,False,False,Default,Default,Default,Default,Default,Default,Default,1,Default,Default,Default,Default,Default,Default,Default,Default,16,Default,2.0401 ns,0.0432 ns,0.0404 ns,2.0329 ns
ExpressionBasedOneArgAction,DefaultJob,False,Default,Default,Default,Default,Default,Default,00000000,Empty,RyuJit,X64,8c5e7fda-e8bf-4a96-9a85-a6e23a8c635c,.NET Core 3.1,False,True,False,True,Default,Default,False,False,False,Default,Default,Default,Default,Default,Default,Default,1,Default,Default,Default,Default,Default,Default,Default,Default,16,Default,9.4030 ns,0.1680 ns,0.1403 ns,9.3999 ns
ExpressionBasedTwoArgAction,DefaultJob,False,Default,Default,Default,Default,Default,Default,00000000,Empty,RyuJit,X64,8c5e7fda-e8bf-4a96-9a85-a6e23a8c635c,.NET Core 3.1,False,True,False,True,Default,Default,False,False,False,Default,Default,Default,Default,Default,Default,Default,1,Default,Default,Default,Default,Default,Default,Default,Default,16,Default,16.3554 ns,0.2737 ns,0.2286 ns,16.3293 ns
ExpressionBasedThreeArgAction,DefaultJob,False,Default,Default,Default,Default,Default,Default,00000000,Empty,RyuJit,X64,8c5e7fda-e8bf-4a96-9a85-a6e23a8c635c,.NET Core 3.1,False,True,False,True,Default,Default,False,False,False,Default,Default,Default,Default,Default,Default,Default,1,Default,Default,Default,Default,Default,Default,Default,Default,16,Default,23.5963 ns,0.2666 ns,0.2364 ns,23.5592 ns
ExpressionBasedFourArgAction,DefaultJob,False,Default,Default,Default,Default,Default,Default,00000000,Empty,RyuJit,X64,8c5e7fda-e8bf-4a96-9a85-a6e23a8c635c,.NET Core 3.1,False,True,False,True,Default,Default,False,False,False,Default,Default,Default,Default,Default,Default,Default,1,Default,Default,Default,Default,Default,Default,Default,Default,16,Default,32.1926 ns,0.6026 ns,0.8044 ns,32.2249 ns
ExpressionBasedFiveArgAction,DefaultJob,False,Default,Default,Default,Default,Default,Default,00000000,Empty,RyuJit,X64,8c5e7fda-e8bf-4a96-9a85-a6e23a8c635c,.NET Core 3.1,False,True,False,True,Default,Default,False,False,False,Default,Default,Default,Default,Default,Default,Default,1,Default,Default,Default,Default,Default,Default,Default,Default,16,Default,34.2504 ns,0.2791 ns,0.2475 ns,34.1452 ns
ExpressionBasedSixArgAction,DefaultJob,False,Default,Default,Default,Default,Default,Default,00000000,Empty,RyuJit,X64,8c5e7fda-e8bf-4a96-9a85-a6e23a8c635c,.NET Core 3.1,False,True,False,True,Default,Default,False,False,False,Default,Default,Default,Default,Default,Default,Default,1,Default,Default,Default,Default,Default,Default,Default,Default,16,Default,659.5997 ns,4.7805 ns,4.2378 ns,658.8155 ns
ExpressionStrictZeroArgAction,DefaultJob,False,Default,Default,Default,Default,Default,Default,00000000,Empty,RyuJit,X64,8c5e7fda-e8bf-4a96-9a85-a6e23a8c635c,.NET Core 3.1,False,True,False,True,Default,Default,False,False,False,Default,Default,Default,Default,Default,Default,Default,1,Default,Default,Default,Default,Default,Default,Default,Default,16,Default,1.3880 ns,0.0182 ns,0.0152 ns,1.3865 ns
ExpressionStrictOneArgAction,DefaultJob,False,Default,Default,Default,Default,Default,Default,00000000,Empty,RyuJit,X64,8c5e7fda-e8bf-4a96-9a85-a6e23a8c635c,.NET Core 3.1,False,True,False,True,Default,Default,False,False,False,Default,Default,Default,Default,Default,Default,Default,1,Default,Default,Default,Default,Default,Default,Default,Default,16,Default,7.0025 ns,0.1681 ns,0.2411 ns,6.8861 ns
ExpressionStrictTwoArgAction,DefaultJob,False,Default,Default,Default,Default,Default,Default,00000000,Empty,RyuJit,X64,8c5e7fda-e8bf-4a96-9a85-a6e23a8c635c,.NET Core 3.1,False,True,False,True,Default,Default,False,False,False,Default,Default,Default,Default,Default,Default,Default,1,Default,Default,Default,Default,Default,Default,Default,Default,16,Default,10.9824 ns,0.0870 ns,0.0772 ns,10.9667 ns
ExpressionStrictThreeArgAction,DefaultJob,False,Default,Default,Default,Default,Default,Default,00000000,Empty,RyuJit,X64,8c5e7fda-e8bf-4a96-9a85-a6e23a8c635c,.NET Core 3.1,False,True,False,True,Default,Default,False,False,False,Default,Default,Default,Default,Default,Default,Default,1,Default,Default,Default,Default,Default,Default,Default,Default,16,Default,16.8135 ns,0.0993 ns,0.0830 ns,16.8004 ns
ExpressionStrictFourArgAction,DefaultJob,False,Default,Default,Default,Default,Default,Default,00000000,Empty,RyuJit,X64,8c5e7fda-e8bf-4a96-9a85-a6e23a8c635c,.NET Core 3.1,False,True,False,True,Default,Default,False,False,False,Default,Default,Default,Default,Default,Default,Default,1,Default,Default,Default,Default,Default,Default,Default,Default,16,Default,21.0620 ns,0.4489 ns,0.6293 ns,21.3380 ns
ExpressionStrictFiveArgAction,DefaultJob,False,Default,Default,Default,Default,Default,Default,00000000,Empty,RyuJit,X64,8c5e7fda-e8bf-4a96-9a85-a6e23a8c635c,.NET Core 3.1,False,True,False,True,Default,Default,False,False,False,Default,Default,Default,Default,Default,Default,Default,1,Default,Default,Default,Default,Default,Default,Default,Default,16,Default,26.0780 ns,0.1807 ns,0.1602 ns,26.0514 ns
ExpressionStrictSixArgAction,DefaultJob,False,Default,Default,Default,Default,Default,Default,00000000,Empty,RyuJit,X64,8c5e7fda-e8bf-4a96-9a85-a6e23a8c635c,.NET Core 3.1,False,True,False,True,Default,Default,False,False,False,Default,Default,Default,Default,Default,Default,Default,1,Default,Default,Default,Default,Default,Default,Default,Default,16,Default,31.6301 ns,0.1896 ns,0.1680 ns,31.6275 ns
